1,Jan,Kowalski,jankowalski@example.com
2,Anna,Nowak,annanowak@example.com
3,Adam,Wi?niewski,adamwisniewski@example.com
4,Maria,Nowakowska,marianowakowska@example.com
5,Piotr,Kaczmarek,piotrkaczmarek@example.com
6,Magdalena,Wojcik,magdalenawojcik@example.com
7,Andrzej,Lewandowski,andrzejjlewandowski@example.com
8,Katarzyna,D?browska,katarzynadabrowska@example.com
9,Tomasz,Zaj?c,tomaszzajac@example.com
10,Barbara,Król,barbarakrol@example.com
11,Micha?,Jankowski,michaljankowski@example.com
12,Agata,Mazur,agatamazur@example.com
13,Krzysztof,Wojciechowski,krzysztofwojciechowski@example.com
14,Monika,Grabowska,monikagrabowska@example.com
15,Rafa?,Pawlak,rafalpawlak@example.com
16,Adam,Adamczyk,adam.nowak@example.com
17,Aleksander,Andrzejewski,aleksander.kowalski@example.com
18,Andrzej,Baran,andrzej123@example.com
19,Antoni,B?k,antoni.w@example.com
20,Bartosz,Chmielewski,bartosz.mail@example.com
21,B?a?ej,Czarnecki,blazej86@example.com
22,Damian,D?browski,damian_001@example.com
23,Daniel,Dudek,daniel.k@example.com
24,Dawid,Gajewski,dawid_smith@example.com
25,Dominik,G?owacki,dominik.mail@example.com
26,Edward,Grabowski,edward@gmail.com
27,Emil,Jankowski,emil.adamski@example.com
28,Filip,Jab?o?ski,filip.456@example.com
29,Franciszek,Kami?ski,franciszek_m@example.com
30,Grzegorz,Kaczmarek,grzegorz.t@example.com
31,Hubert,Ka?mierczak,hubert.jones@example.com
32,Ignacy,K?os,ignacy88@example.com
33,Jakub,Kowalczyk,jakub123@example.com
34,Jan,Kowalski,janek.w@example.com
35,Jerzy,Koz?owski,jerzy.nowak@example.com
36,Józef,Król,jozef_78@example.com
37,Karol,Kubiak,karol.abc@example.com
38,Kazimierz,Kwiatkowski,kazimierz.kowal@example.com
39,Kacper,Lewandowski,kacper2022@example.com
40,Krzysztof,Lis,krzysztof@example.com
41,Leszek,Maciejewski,leszek.ola@example.com
42,?ukasz,Majewski,lukasz.p@example.com
43,Maciej,Marciniak,maciej.m@example.com
44,Marcin,Mazur,marcin_007@example.com
45,Marek,Michalski,marek.tomasz@example.com
46,Mateusz,Nowak,mateusz_98@example.com
47,Micha?,Nowicki,michal_123@example.com
48,Miko?aj,Olszewski,mikolaj_k@example.com
49,Mi?osz,Ostrowski,milosz@gmail.com
50,Norbert,Pawlak,norbert@mail.com
51,Oskar,Paw?owski,oskar.b@example.com
52,Pawe?,Piotrowski,pawel@gmail.com
53,Piotr,Sadowski,piotr_kowal@example.com
54,Rafa?,Sikora,rafal.adam@example.com
55,Robert,Soko?owski,robert_m@example.com
56,Ryszard,St?pie?,ryszard@example.com
57,Sebastian,Szyma?ski,sebastian_89@example.com
58,S?awomir,Tomaszewski,slawomir.m@example.com
59,Stanis?aw,Urba?ski,stanislaw_k@example.com
60,Szymon,Walczak,szymon@example.com
61,Tadeusz,Wi?niewski,tadeusz.mail@example.com
62,Tomasz,Wojciechowski,tomasz.w@example.com
63,Wiktor,Wo?niak,wiktor.m@example.com
64,W?adys?aw,Zieli?ski,wladyslaw2023@example.com
65,Wojciech,Zió?kowski,wojciech@example.com
66,Zbigniew,Zwoli?ski,zbigniew_k@example.com
67,Agata,Adamczyk,agata.k@example.com
68,Agnieszka,Andrzejewska,agnieszka_ola@example.com
69,Aleksandra,Baran,aleksandra2022@example.com
70,Alicja,B?k,alicja.k@example.com
71,Anna,Chmielewska,anna.mail@example.com
72,Barbara,Czarnecka,barbara@example.com
73,Beata,D?browska,beata_123@example.com
74,Bogumi?a,Dudek,bogumila@example.com
75,Cecylia,Gajewska,cecylia@gmail.com
76,Dagmara,G?owacka,dagmara@example.com
77,Danuta,Grabowska,danuta@example.com
78,Dominika,Jankowska,dominika_m@example.com
79,Dorota,Jab?o?ska,dorota@example.com
80,Ewa,Kami?ska,ewa_k@example.com
81,Gra?yna,Kaczmarek,grazyna@example.com
82,Helena,Ka?mierczak,helena@example.com
83,Irena,K?os,irena_k@example.com
84,Izabela,Kowalczyk,izabela@example.com
85,Jadwiga,Kowalska,jadwiga2023@example.com
86,Janina,Koz?owska,janina_ola@example.com
87,Joanna,Król,joanna@example.com
88,Julia,Kubiak,julia_k@example.com
89,Kamila,Kwiatkowska,kamila@example.com
90,Katarzyna,Lewandowska,katarzyna_m@example.com
